{
    "colsample_bytree": 0.5899053652391966,
    "learning_rate": 0.09931771248268591,
    "max_depth": 10
}