{
    "colsample_bytree": 0.33818019645488173,
    "learning_rate": 0.09179180804085318,
    "max_depth": 10
}