{
    "colsample_bytree": 0.6703407860866035,
    "learning_rate": 0.04044784075626242,
    "max_depth": 10
}