{
    "colsample_bytree": 0.20449024647527414,
    "learning_rate": 0.02711577028203216,
    "max_depth": 10
}