{
    "colsample_bytree": 0.6418147842843125,
    "learning_rate": 0.05397195465959913,
    "max_depth": 10
}